{
    "AND_0_0": "0",
    "AND_0_1": "0",
    "AND_1_0": "0",
    "AND_1_1": "1",
    "XOR_0_0": "0",
    "XOR_0_1": "1",
    "XOR_1_0": "1",
    "XOR_1_1": "0",
    "NAND_0_0": "1",
    "NAND_0_1": "1",
    "NAND_1_0": "1",
    "NAND_1_1": "0",
    "NOR_0_0": "1",
    "NOR_0_1": "0",
    "NOR_1_0": "0",
    "NOR_1_1": "0",
    "username": "akatreka",
    "name": "Arush Katrekar",
    "question_1": "Pin 11",
    "question_2": "Pin 13",
    "question_3": "Pin 14",
    "question_4": "Pin 7",
    "question_5": "Pin 4",
    "question_6": "Pin 14",
    "question_7": "Pin 7",
    "question_8": "Pin 2",
    "question_9": "Pin 8",
    "question_10": "Pin 14",
    "question_11": "Pin 7",
    "question_12": "Pin 9",
    "question_13": "Pin 4",
    "question_14": "Pin 11",
    "question_15": "Pin 14",
    "question_16": "Pin 7",
    "question_17": "Pin 11",
    "question_18": "Pin 8",
    "question_19": "Pin 4",
    "question_20": "Pin 3"
}